title,url,score,category
Google releases Gemma 4 open models,https://deepmind.google/models/gemma/gemma-4/,1438,other
Decisions that eroded trust in Azure – by a former Azure Core engineer,https://isolveproblems.substack.com/p/how-microsoft-vaporized-a-trillion,732,other
The True Shape of Io's Steeple Mountain,https://www.weareinquisitive.com/news/hidden-in-the-shadow,38,technology
"ESP32-S31: 320MHz 2C RV32IMAFCP+CLIC, 512KB SRAM, GbE, 802.11ax, 61 GPIO",https://www.espressif.com/en/news/ESP32_S31_Release,15,other
Tailscale's new macOS home,https://tailscale.com/blog/macos-notch-escape,448,technology
Cursor 3,https://cursor.com/blog/cursor-3,403,other
C89cc.sh – standalone C89/ELF64 compiler in pure portable shell,https://gist.github.com/alganet/2b89c4368f8d23d033961d8a3deb5c19,117,other
Artemis II's toilet is a moon mission milestone,https://www.scientificamerican.com/article/artemis-iis-toilet-is-a-moon-mission-milestone/,240,other
Qwen3.6-Plus: Towards real world agents,https://qwen.ai/blog?id=qwen3.6,519,worldnews
Good ideas do not need lots of lies in order to gain public acceptance (2008),https://blog.danieldavies.com/2004/05/d-squared-digest-one-minute-mba.html,248,technology
Vector Meson Dominance,https://johncarlosbaez.wordpress.com/2026/03/29/vector-meson-dominance/,30,other
Show HN: Home Maker: Declare Your Dev Tools in a Makefile,https://thottingal.in/blog/2026/03/29/home-maker/,50,entertainment
LinkedIn is searching your browser extensions,https://browsergate.eu/,1720,other
Working on Products People Hate,https://www.seangoedecke.com/working-on-products-people-hate/,18,other
Show HN: Made a little Artemis II tracker,https://artemis-ii-tracker.com/,99,entertainment
Significant progress made on Xbox 360 recompilation,https://readonlymemo.com/rexglue-xbox-360-recompilation-interview/,111,other
George Goble has died,https://www.legacy.com/us/obituaries/wlfi/name/george-goble-obituary?id=61144779,147,other
A Few Good Magazines From the 70s and 80s,https://www.bi6.us/CO/MG.HTML,59,other
Maze Algorithms (1997),https://www.astrolog.org/labyrnth/algrithm.htm,49,other
The Joy of Numbered Streets,https://humantransit.org/2026/03/the-joy-of-numbered-streets-or-call-it-39th-avenue.html,41,other
OpenAI Acquires TBPN,https://openai.com/index/openai-acquires-tbpn/,209,technology
Inside Nepal's Fake Rescue Racket,https://kathmandupost.com/money/2026/03/27/inside-nepal-s-fake-rescue-racket,282,other
JSON Canvas Spec (2024),https://jsoncanvas.org/spec/1.0/,106,other
ParadeDB (YC S23) Is Hiring Database Internal Engineers (Rust),https://paradedb.notion.site/,1,technology
A Rave Review of Superpowers (For Claude Code),https://emschwartz.me/a-rave-review-of-superpowers-for-claude-code/,12,technology
Memo: A language that remembers only the last 12 lines of code,https://danieltemkin.com/Esolangs/Memo/,48,technology
Artemis computer running two instances of MS outlook; they can't figure out why,https://bsky.app/profile/nikigrayson.com/post/3miik2wzosk25,411,technology
"Sweden goes back to basics, swapping screens for books in the classroom",https://undark.org/2026/04/01/sweden-schools-books/,836,entertainment
Tor Alva: The Tallest 3D-Printed Building in the World,https://cacm.acm.org/blogcacm/tor-alva-the-tallest-3d-printed-building-in-the-world/,36,other
I Built an SMS Gateway with a $20 Android Phone – Jonno.nz,https://jonno.nz/posts/built-an-sms-gateway-with-a-20-dollar-android-phone/,29,other
Lemonade by AMD: a fast and open source local LLM server using GPU and NPU,https://lemonade-server.ai,515,technology
Post Mortem: axios NPM supply chain compromise,https://github.com/axios/axios/issues/10636,92,technology
Prefer do notation over Applicative operators when assembling records (2024),https://haskellforall.com/2024/05/prefer-do-notation-over-applicative,47,other
'Backrooms' and the Rise of the Institutional Gothic,https://thereader.mitpress.mit.edu/backrooms-and-the-rise-of-the-institutional-gothic/,195,other
Magic the Gathering Deck Shuffler,https://mtg.jessitron.honeydemo.io/,57,other
Bringing Clojure programming to Enterprise (2021),https://blogit.michelin.io/clojure-programming/,193,other
Artemis II Launch Day Updates,https://www.nasa.gov/blogs/missions/2026/04/01/live-artemis-ii-launch-day-updates/,1080,other
Gone (Almost) Phishin',https://ma.tt/2026/03/gone-almost-phishin/,174,other
Artemis II will use laser beams to live-stream 4K moon footage at 260 Mbps,https://www.tomshardware.com/networking/artemis-ii-will-use-laser-beams-to-live-stream-4k-moon-footage-one-giant-step-beyond-the-s-band-radio-comms-of-the-apollo-era,347,other
"Queueing Requests Queues Your Capacity Problems, Too",https://pushtoprod.substack.com/p/queueing-requests-queues-your-capacity-problems-too,29,other
EmDash Feedback,https://ma.tt/2026/04/emdash-feedback/,16,other
Foxing aspires to be an eBPF-powered replication engine for Linux filesystems,https://codeberg.org/aenertia/foxing,44,other
Reinventing the pull request,https://lubeno.dev/blog/reinventing-the-pull-request,100,other
Mercor says it was hit by cyberattack tied to compromise LiteLLM,https://techcrunch.com/2026/03/31/mercor-says-it-was-hit-by-cyberattack-tied-to-compromise-of-open-source-litellm-project/,142,technology
Renewables reached nearly 50% of global electricity capacity last year,https://www.theregister.com/2026/04/01/renewables_generated_nearly_half_global_power/,270,worldnews
Hugo's New CSS Powers,https://www.brycewray.com/posts/2026/04/hugos-new-css-powers/,49,other
Delve allegedly forked an open-source tool and sold it as its own,https://techcrunch.com/2026/04/01/the-reputation-of-troubled-yc-startup-delve-has-gotten-even-worse/,280,other
Steam on Linux Use Skyrocketed Above 5% in March,https://www.phoronix.com/news/Steam-On-Linux-Tops-5p,736,sports
Significant raise of reports,https://lwn.net/Articles/1065620/,293,technology
Show HN: A P2P messenger with dual network modes (Fast and Tor),https://github.com/Realman78/Kiyeovo/,34,entertainment
rpg: A modern psql-compatible Postgres terminal and TUI written in Rust,https://github.com/NikolayS/rpg,11,other
"Show HN: Minimal Brain Teaser Web Game (Handcrafted, No AI)",https://mehuleo.github.io/encircle/,9,technology
Amazon is adding a fuel surcharge to fees it collects from third-party sellers,https://www.cnbc.com/2026/04/02/amazon-add-3point5percent-fuel-and-logistics-surcharge-for-sellers-amid-iran-war.html,154,other
IBM Announces Strategic Collaboration with Arm,https://newsroom.ibm.com/2026-04-02-ibm-announces-strategic-collaboration-with-arm-to-shape-the-future-of-enterprise-computing,268,other
The case for zero-error horizons in trustworthy LLMs,https://arxiv.org/abs/2601.15714,72,technology
Emacs-libgterm: Terminal emulator for Emacs using libghostty-vt,https://github.com/rwc9u/emacs-libgterm,87,other
"Reporting potholes with an ESP32, LoRA, and AI",https://thingswemake.com/pothole-in-one/,16,technology
Yggdrasil Network,https://yggdrasil-network.github.io/,107,other
Quadratic Micropass Type Inference,https://articles.luminalang.com/a/micropass-inference/,32,other
Show HN: SyNumpy – a Header only C++17 library for working with NumPy Arrays,https://github.com/symisc/sy-numpy-cpp,18,entertainment
Enabling Codex to Analyze Two Decades of Hacker News Data,https://modolap.com/publication/hn-analysis-1,79,technology
Modern SQLite: Features You Didn't Know It Had,https://slicker.me/sqlite/features.htm,211,other
Subscription bombing and how to mitigate it,https://bytemash.net/posts/subscription-bombing-your-signup-form-is-a-weapon/,288,other
"An Example of Statistical Investigation of the Text Eugene Onegin – Markov, 1913 [pdf]",https://alpha60.de/research/markov/DavidLink_AnExampleOfStatistical_MarkovTrans_2007.pdf,33,other
Show HN: I built a DNS resolver from scratch in Rust – no DNS libraries,https://github.com/razvandimescu/numa,95,entertainment
The Australian government has announced gambling advertising reforms,https://www.bbc.com/news/articles/c62492e925lo,118,worldnews
Why Doesn't Anybody Realize We're Going Back to the Moon?,https://www.theatlantic.com/science/2026/04/artemis-moon-launch-trump/686661/,65,other
Built a cheap DIY fan controller because my motherboard never had working PWM,https://www.himthe.dev/blog/msi-forgot-my-fans,70,other
Show HN: I tested 15 free AI models at building real software on a $25/year VPS,https://georgelarson.me/writing/2026-04-03-25-dollar-ai-lab/,23,technology
"Show HN: Dull – Instagram Without Reels, YouTube Without Shorts (iOS)",https://getdull.app,141,entertainment
The Technocracy Movement of the 1930s,https://donotresearch.substack.com/p/welcome-to-the-technocracy,8,technology
Scientists Cloned a Mouse for 58 Generations. The Results Were Catastrophic,https://www.popularmechanics.com/science/animals/a70861443/scientists-cloned-a-mouse-for-58-generations-the-results-were-catastrophic/,8,other
Email obfuscation: What works in 2026?,https://spencermortensen.com/articles/email-obfuscation/,351,technology
"Run a Local LLM, and discover why LLMs are unpredictable",https://newsletter.bphogan.com/archive/issue-51-run-a-local-llm-and-discover-why-llms/,4,technology
Show HN: A Minimal Basic Inspired by Brainfuck,https://coe.psu.ac.th/ad/minBASIC/,6,technology
EmDash – A spiritual successor to WordPress that solves plugin security,https://blog.cloudflare.com/emdash-wordpress/,668,other
Quad9 Enables DNS over HTTP/3 and DNS over QUIC,https://quad9.net/news/blog/quad9-enables-dns-over-http-3-and-dns-over-quic/,58,other
The revenge of the data scientist,https://hamel.dev/blog/posts/revenge/,170,technology
What Gödel Discovered (2020),https://stopa.io/post/269,94,other
Almighty Lisp: Lisp and Emacs Essentials Book,https://almightylisp.com/,60,entertainment
CC leak: skills are better than I thought,https://www.dardar.co/articles/skills-arent-just-context,41,other
Axios compromised on NPM – Malicious versions drop remote access trojan,https://www.stepsecurity.io/blog/axios-compromised-on-npm-malicious-versions-drop-remote-access-trojan,1925,other
SpaceX files to go public,https://www.nytimes.com/2026/04/01/technology/spacex-ipo-elon-musk.html,388,science
A $20/month user costs OpenAI $65 in compute. AI video is a money furnace,https://aedelon777.substack.com/p/i-did-the-math-on-sora-ai-video-is,64,technology
"Reverse Engineering Crazy Taxi, Part 2",https://wretched.computer/post/crazytaxi2,84,other
AWS has officially removed all EC2 instances in Bahrain from their docs,https://twitter.com/astuyve/status/2039777883485254081,44,technology
The beginning of programming as we'll know it?,https://bitsplitting.org/2026/04/01/the-beginning-of-programming-as-well-know-it/,58,other
Quantum computing bombshells that are not April Fools,https://scottaaronson.blog/?p=9665,260,other
Things I Think I Think... Preferring Local OSS LLMs,https://blogs.newardassociates.com/blog/2026/titit-local-ai.html,43,technology
The machines are fine. I'm worried about us,https://ergosphere.blog/posts/the-machines-are-fine/,6,other
New laws to make it easier to cancel subscriptions and get refunds,https://www.bbc.co.uk/news/articles/cvg0v36ek2go,152,other
Intuiting Pratt Parsing,https://louis.co.nz/2026/03/26/pratt-parsing.html,160,other
Tesla March car registrations soar in key European markets,https://www.reuters.com/business/retail-consumer/tesla-french-car-registrations-triple-march-2026-04-01/,35,other
Free stuff makes us irrational,https://thehustle.co/why-free-stuff-makes-us-irrational,49,other
Marc Andreessen Is Right That AI Isn't Killing Jobs. Interest Rate Hikes Are,https://www.governance.fyi/p/marc-andreessen-is-right-that-ai,32,technology
Show HN: CLI to order groceries via reverse-engineered REWE API (Haskell),https://github.com/yannick-cw/korb,198,technology
DRAM pricing is killing the hobbyist SBC market,https://www.jeffgeerling.com/blog/2026/dram-pricing-is-killing-the-hobbyist-sbc-market/,610,other
The Dopamine Detox Myth Does It Work?,https://boredom-solver-rho.vercel.app/blog-dopamine-detox.html,6,other
Fast and Gorgeous Erosion Filter,https://blog.runevision.com/2026/03/fast-and-gorgeous-erosion-filter.html,233,other
Jax's true calling: Ray-Marching renderers on WebGL,https://benoit.paris/posts/jax-ray-marcher/,88,other
A new C++ back end for ocamlc,https://github.com/ocaml/ocaml/pull/14701,233,other
"Random numbers, Persian code: A mysterious signal transfixes radio sleuths",https://www.rferl.org/a/mystery-numbers-station-persian-signal-iran-war/33700659.html,126,technology
Show HN: Git bayesect – Bayesian Git bisection for non-deterministic bugs,https://github.com/hauntsaninja/git_bayesect,331,entertainment
Ariane 6 user's manual [pdf],https://www.ariane.group/app/uploads/sites/4/2024/10/Mua-6_Issue-2_Revision-0_March-2021.pdf,70,other
The Weather Channel – RetroCast,https://weather.com/retro/,310,other
Tracing Goroutines in Realtime with eBPF,https://sazak.io/articles/tracing-goroutines-in-realtime-with-ebpf-2026-03-31,14,other
AI for American-produced cement and concrete,https://engineering.fb.com/2026/03/30/data-center-engineering/ai-for-american-produced-cement-and-concrete/,217,technology
March heat in American west has left snowpack at record-low levels,https://www.theguardian.com/us-news/2026/apr/01/snowmelt-american-west,106,other
Set the Line Before It's Crossed,https://nomagicpill.substack.com/p/set-the-line-before-its-crossed,78,other
"On the trail of ancient art, deep in the Sahara",https://www.ft.com/content/524ed21e-5c35-489e-ae0b-90d40b4cf28a,26,technology
The MVC Mistake,https://entropicthoughts.com/mvc-mistake,5,other
Scientists crack a 20-year nuclear mystery behind the creation of gold,https://www.sciencedaily.com/releases/2026/03/260313002633.htm,84,other
OpenAI closes funding round at an $852B valuation,https://www.cnbc.com/2026/03/31/openai-funding-round-ipo.html,525,technology
Microsoft wants Edge to automatically open by default at Windows 11 boot,https://www.windowscentral.com/microsoft/windows-11/microsoft-wants-edge-to-automatically-open-by-default-every-time-you-turn-on-your-windows-11-pc,13,other
Users say Adobe Creative Cloud rewrote hosts file to detect installed app,https://piunikaweb.com/2026/04/01/adobe-creative-cloud-rewrites-hosts-file/,55,technology
CERN levels up with new superconducting karts,https://home.cern/news/news/engineering/cern-levels-new-superconducting-karts,394,other
Order and Tension,https://slab.org/2026/03/22/order-and-tension/,16,other
Iran targeted Amazon data centers,https://theconversation.com/why-iran-targeted-amazon-data-centers-and-what-that-does-and-doesnt-change-about-warfare-278642,8,technology
Amazon data center in Bahrain attacked by Iranian Revolutionary Guards,https://www.reuters.com/world/middle-east/amazons-cloud-business-bahrain-damaged-iran-strike-ft-reports-2026-04-01/,23,technology
Ask HN: Who is hiring? (April 2026),,267,other
Trinity Large Thinking,https://openrouter.ai/arcee-ai/trinity-large-thinking,55,other
Bring Back MiniDV with This Raspberry Pi FireWire Hat,https://www.jeffgeerling.com/blog/2026/minidv-with-raspberry-pi-firewire-hat/,124,other
Consider the Greenland Shark (2020),https://www.lrb.co.uk/the-paper/v42/n09/katherine-rundell/consider-the-greenland-shark,87,other
Ask HN: Who wants to be hired? (April 2026),,81,other
Apple removes iPhone vibe coding app from app store,https://gizmodo.com/apple-removes-iphone-vibe-coding-app-from-app-store-2000740084,65,other
r/programming bans all discussion of LLM programming,https://old.reddit.com/r/programming/comments/1s9jkzi/announcement_temporary_llm_content_ban/,188,technology
Ada and Spark on ARM Cortex-M – A Tutorial with Arduino and Nucleo Examples,http://inspirel.com/articles/Ada_On_Cortex.html,64,other
SolveSpace (open source 2D/3D CAD) working on Windows 2000 (2025),https://github.com/solvespace/solvespace/issues/1036,39,science
Group Pushing Age Verification for AI Turns Out to Be Backed by OpenAI,https://gizmodo.com/group-pushing-age-verification-requirements-for-ai-turns-out-to-be-sneakily-backed-by-openai-2000741069,43,technology
From 300KB to 69KB per Token: How LLM Architectures Solve the KV Cache Problem,https://news.future-shock.ai/the-weight-of-remembering/,156,technology
Is BGP safe yet?,https://isbgpsafeyet.com/,252,other
Claude wrote a full FreeBSD remote kernel RCE with root shell,https://github.com/califio/publications/blob/main/MADBugs/CVE-2026-4747/write-up.md,267,other
Priced Out by AI: The Memory Chip Crisis Hitting Every Consumer,https://smarterarticles.co.uk/priced-out-by-ai-the-memory-chip-crisis-hitting-every-consumer,5,technology
"Show HN: Zerobox – Sandbox any command with file, network, credential controls",https://github.com/afshinm/zerobox,138,entertainment
U.S. Is Burning Through Tomahawk Cruise Missile Stockpile at an Alarming Rate,https://www.twz.com/news-features/u-s-is-burning-through-tomahawk-cruise-missile-stockpile-at-a-alarming-rate-report,58,other
"EPA flags microplastics, pharmaceuticals as contaminants in drinking water",https://www.npr.org/2026/04/02/nx-s1-5771155/epa-microplastics-pharmaceuticals-drinking-water,21,other
Teenage Engineering's PO-32 acoustic modem and synth implementation,https://github.com/ericlewis/libpo32,147,other
A dot a day keeps the clutter away,https://scottlawsonbc.com/post/dot-system,573,other
Show HN: Postgres extension for BM25 relevance-ranked full-text search,https://github.com/timescale/pg_textsearch,199,entertainment
Windows 95 defenses against installers that overwrite a file with an older one,https://devblogs.microsoft.com/oldnewthing/20260324-00/?p=112159,165,technology
Cohere Transcribe: Speech Recognition,https://cohere.com/blog/transcribe,218,other
Artemis II is not safe to fly,https://idlewords.com/2026/03/artemis_ii_is_not_safe_to_fly.htm,897,other
Why the US Navy won't blast the Iranians and 'open' Strait of Hormuz,https://responsiblestatecraft.org/iran-strait-of-hormuz/,458,technology
"Trap a quantum object in a box – is it hard or soft, or is it black or white?",https://paradigmsage.com/pop/ch-04-qm/,10,other
Zstandard Across the Stack,https://oddur.me/posts/zstandard-across-the-stack/,14,other
Proton Workspace: An encrypted suite for team collaboration,https://proton.me/business/blog/proton-workspace,25,sports
Iran Says It Hit Oracle Facilities in UAE,https://gizmodo.com/iran-says-it-hit-oracle-facilities-in-uae-2000741785,41,other
Google's 200M-parameter time-series foundation model with 16k context,https://github.com/google-research/timesfm,319,other
Ordinary Lab Gloves May Have Skewed Microplastic Data,https://nautil.us/ordinary-lab-gloves-may-have-skewed-microplastic-data-1279386,138,technology
"Why OpenAI Decided to Buy 'TBPN,' Tech's Hottest News Show",https://www.wsj.com/tech/openai-technology-business-programming-network-b681ef6b,6,technology
Ollama is now powered by MLX on Apple Silicon in preview,https://ollama.com/blog/mlx,640,other
Mistral secures $830M in debt financing to fund AI data center,https://www.cnbc.com/2026/03/30/mistral-ai-paris-data-center-cluster-debt-financing.html,32,technology
What major works of literature were written after age of 85? 75? 65?,https://statmodeling.stat.columbia.edu/2026/03/25/what-major-works-of-literature-were-written-after-age-of-85-75-65/,148,other
Signing data structures the wrong way,https://blog.foks.pub/posts/domain-separation-in-idl/,118,technology
"Vitalik Buterin – ""My self-sovereign / local / private / secure LLM setup""",https://vitalik.eth.limo/general/2026/04/02/secure_llms.html,25,technology
Show HN: Forkrun – NUMA-aware shell parallelizer (50×–400× faster than parallel),https://github.com/jkool702/forkrun,149,worldnews
I traced my traffic through a home Tailscale exit node,https://tech.stonecharioteer.com/posts/2026/tailscale-exit-nodes/,152,technology
"Show HN: 1-Bit Bonsai, the First Commercially Viable 1-Bit LLMs",https://prismml.com/,418,technology
"Good CTE, Bad CTE",https://boringsql.com/posts/good-cte-bad-cte/,196,other
Back to FreeBSD – Part 2 – Jails,https://hypha.pub/back-to-freebsd-part-2,116,technology
ReactOS Shows Improved Stability and 64-Bit Support at Chemnitz Linux Days 2026,https://old.reddit.com/r/reactos/comments/1sa26yu/back_from_chemnitz_linux_days_2026/,68,entertainment
Cherri – programming language that compiles to an Apple Shortuct,https://github.com/electrikmilk/cherri,353,other
Tracing goroutines in realtime with eBPF,https://sazak.io/articles/tracing-goroutines-in-realtime-with-ebpf-2026-03-31,22,other
Fedware: Government apps that spy harder than the apps they ban,https://www.sambent.com/the-white-house-app-has-huawei-spyware-and-an-ice-tip-line/,680,worldnews
Combinators,https://tinyapl.rubenverg.com/docs/info/combinators,153,other
Trump fires Pam Bondi as attorney general,https://www.cnn.com/2026/04/02/politics/pam-bondi-role-trump,120,other
"First lab-grown T-Rex leather handbag unveiled in Amsterdam could fetch €575,000",https://nltimes.nl/2026/04/02/worlds-first-lab-grown-t-rex-leather-handbag-unveiled-amsterdam-fetch-eu575000,10,other
Default GraphQL response is now HTTP 500,https://graphql.org/blog/2026-04-01-a-new-era-for-graphql-observability/,32,other
Vulnerability research is cooked,https://sockpuppet.org/blog/2026/03/30/vulnerability-research-is-cooked/,255,science
"Proton Meet, Talk in total privacy",https://meet.proton.me/,21,other
Show HN: Flight-Viz – 10K flights on a 3D globe in 3.5MB of Rust+WASM,https://flight-viz.com,83,entertainment
How-to guide: Commissioning a Sensor Physics R&D Lab,https://gist.github.com/nup002/912383615b12dc1ec44ae9004c40b11f,41,science
GitHub Monaspace Case Study,https://lettermatic.com/custom/monaspace-case-study,146,science
I quit. The clankers won,https://dbushell.com/2026/04/01/i-quit-the-clankers-won/,410,other
StepFun 3.5 Flash is #1 cost-effective model for OpenClaw tasks (300 battles),https://app.uniclaw.ai/arena?tab=costEffectiveness&via=hn,171,other
Do your own writing,https://alexhwoods.com/dont-let-ai-write-for-you/,739,other
"IPv6 address, as a sentence you can remember",https://sentence2ipv6.tib3rius.com/,77,other
The Claude Code Leak,https://build.ms/2026/4/1/the-claude-code-leak/,192,technology
"Learn Something Old Every Day, Part XVIII: How Does FPU Detection Work?",https://www.os2museum.com/wp/learn-something-old-every-day-part-xviii-how-does-fpu-detection-work/,66,other
An Introduction to Writing Systems and Unicode,https://r12a.github.io/scripts/tutorial/part2,67,technology
Neanderthals survived on a knife's edge for 350k years,https://www.science.org/content/article/neanderthals-survived-knife-s-edge-350-000-years,235,other
What Exoskeleton Technology Learned from One User,https://spectrum.ieee.org/exoskeleton-user-experience,12,technology
"The Claude Code Source Leak: fake tools, frustration regexes, undercover mode",https://alex000kim.com/posts/2026-03-31-claude-code-source-leak/,1358,technology
NASA: Artemis II Real time tracking with multiple views,https://www.nasa.gov/missions/artemis-ii/arow/,10,science
"OpenGridWorks: Electricity infrastructure, mapped",https://www.opengridworks.com,173,other
Claude Code's source code has been leaked via a map file in their NPM registry,https://twitter.com/Fried_rice/status/2038894956459290963,2069,technology
Open source CAD in the browser (Solvespace),https://solvespace.com/webver.pl,369,science
ChatGPT won't let you type until Cloudflare reads your React state,https://www.buchodi.com/chatgpt-wont-let-you-type-until-cloudflare-reads-your-react-state-i-decrypted-the-program-that-does-it/,981,technology
Randomness on Apple Platforms (2024),https://blog.xoria.org/randomness-on-apple-platforms/,53,other
Slop is not necessarily the future,https://www.greptile.com/blog/ai-slopware-future,299,other
I'm betting on ATProto,https://brittanyellich.com/atproto/,162,other
MiniStack (replacement for LocalStack),https://ministack.org/,311,other
"GitHub backs down, kills Copilot pull-request ads after backlash",https://www.theregister.com/2026/03/30/github_copilot_ads_pull_requests/,603,other
Show HN: Abject: the first self-aware object runtime,https://blog.mempko.com/an-abject-horror/,9,worldnews
Claude Code Unpacked : A visual guide,https://ccunpacked.dev/,1096,technology
How to turn anything into a router,https://nbailey.ca/post/router/,772,other
Japanese X is now America's favorite corner of the internet,https://www.japantimes.co.jp/commentary/2026/04/01/japan/japanese-x-now-americas-favorite/,50,other
Evolutionary Computation Bestiary,http://fcampelo.github.io/EC-Bestiary/,14,other
Apple at 50,https://www.apple.com/,124,other
Microsoft: Copilot is for entertainment purposes only,https://www.microsoft.com/en-us/microsoft-copilot/for-individuals/termsofuse,573,technology
TinyLoRA – Learning to Reason in 13 Parameters,https://arxiv.org/abs/2602.04118,232,other
Car Seats as Contraception,https://www.journals.uchicago.edu/doi/abs/10.1086/731812,117,other
TruffleRuby,https://chrisseaton.com/truffleruby/,197,other
Claude Code users hitting usage limits 'way faster than expected',https://www.theregister.com/2026/03/31/anthropic_claude_code_limits/,324,technology
Swappa.com for GrapheneOS compatible devices – Stay Away,https://discuss.grapheneos.org/d/33727-swappacom-for-grapheneos-compatible-devices-stay-away,112,other
Solar Balconies Take Europe by Storm,https://hackaday.com/2026/03/31/solar-balconies-take-europe-by-storm/,88,other
Ukrainian drone holds position for 6 weeks,https://defenceleaders.com/news/ukrainian-combat-robot-holds-frontline-position-for-six-weeks-in-sign-of-growing-ugv-maturity/,167,technology
4D Doom,https://github.com/danieldugas/HYPERHELL,282,other
The Document Foundation ejects its core developers,https://www.collaboraonline.com/blog/tdf-ejects-its-core-developers/,110,other
Artemis II commander enters tablet PIN on launch livestream,https://nypost.com/2026/04/02/us-news/artemis-ii-commander-enters-tablet-pin-on-launch-livestream-leaving-mankind-stunned/,3,other
Agents of Chaos,https://agentsofchaos.baulab.info/report.html,137,other
Accidentally created my first fork bomb with Claude Code,https://www.droppedasbaby.com/posts/2602-01/,76,technology
Blue Owl Investors Seek to Pull $5.4B from Two Private-Credit Funds,https://www.wsj.com/finance/investing/blue-owls-36-billion-private-credit-fund-hit-by-22-withdrawal-request-6209c568,7,other
The Finest Swiss Quality Quaternions,https://se3.ch/,39,other
Chess in SQL,https://www.dbpro.app/blog/chess-in-pure-sql,183,other
Old code never dies: why legacy software is often safer than new code,https://andreafortuna.org/2026/04/02/old-code-never-dies/,4,technology
Timeline of Microsoft's SmartNIC Tech (Azure Boost),https://glennklockwood.com/garden/Azure-SmartNIC,5,technology
We're pausing Asimov Press,https://www.asimov.press/p/pause,96,other
Show HN: Claude Code rewritten as a bash script,https://github.com/jdcodes1/claude-sh,52,technology
GitHub's Historic Uptime,https://damrnelson.github.io/github-historical-uptime/,494,other
Haunting Photos Show the Aftermath of the Kursk Submarine Disaster in 2000,https://rarehistoricalphotos.com/kursk-submarine-disaster-photos/,28,entertainment
Mathematical methods and human thought in the age of AI,https://arxiv.org/abs/2603.26524,217,technology
Google Cloud: Investing in the Future of PostgreSQL,https://opensource.googleblog.com/2026/03/google-cloud-investing-in-the-future-of-postgresql.html,31,technology
Show HN: Real-time dashboard for Claude Code agent teams,https://github.com/simple10/agents-observe,73,technology
BurgerDisk News,https://www.colino.net/wordpress/archives/2026/03/28/burgerdisk-news/,15,other
Copilot edited an ad into my PR,https://notes.zachmanson.com/copilot-edited-an-ad-into-my-pr/,1597,other
Founder of GitLab battles cancer by founding companies,https://sytse.com/cancer/,1399,other
Audio tapes reveal mass rule-breaking in Milgram's obedience experiments,https://www.psypost.org/audio-tapes-reveal-mass-rule-breaking-in-milgram-s-obedience-experiments-2026-03-26/,227,other
Universal Claude.md – cut Claude output tokens,https://github.com/drona23/claude-token-efficient,468,other
My MacBook keyboard is broken and it's insanely expensive to fix,https://tobiasberg.net/posts/my-macbook-keyboard-is-broken-and-its-insanely-expensive-to-fix/,381,entertainment
The AI Marketing BS Index,https://bastian.rieck.me/blog/2026/bs/,105,technology
"Researchers find 3,500-year-old loom that reveals textile revolution",https://web.ua.es/en/actualidad-universitaria/2026/marzo2026/23-31/ua-researchers-find-3-500-year-old-loom-that-reveals-key-aspects-of-textile-revolution-in-the-bronze-age.html,132,science
Digitizing photos from the 1998 Game Boy Camera,https://swiftrocks.com/digitizing-photos-from-the-1998-game-boy-camera,68,sports
Iran attacks Oracle data center in Dubai,https://www.jpost.com/middle-east/iran-news/article-891951,12,technology
Hamilton-Jacobi-Bellman Equation: Reinforcement Learning and Diffusion Models,https://dani2442.github.io/posts/continuous-rl/,171,technology
"ZomboCom stolen by a hacker, sold, now replaced with AI-generated makeover",https://old.reddit.com/r/oldinternet/comments/1raiz8v/zombocom_was_stolen_by_hacker_put_up_for_sale_and/,75,technology
Iran-linked hackers breach FBI director's personal email,https://www.reuters.com/world/us/iran-linked-hackers-claim-breach-of-fbi-directors-personal-email-doj-official-2026-03-27/,466,technology
Escaping the Ogallala Trap,https://worksinprogress.co/issue/escaping-the-ogallala-trap/,13,technology
Nematophagous Fungus,https://en.wikipedia.org/wiki/Nematophagous_fungus,46,other
Ask HN: Distributed data centers in our basements,,72,technology
Mr. Chatterbox is a Victorian-era ethically trained model,https://simonwillison.net/2026/Mar/30/mr-chatterbox/,92,technology
Build123d: A Python CAD programming library,https://github.com/gumyr/build123d,151,other
Recover Apple Keychain,https://arkoinad.com/posts/apple_keychain_recovery.html,102,technology
Turning a MacBook into a touchscreen with $1 of hardware (2018),https://anishathalye.com/macbook-touchscreen/,407,worldnews
Scotty: A beautiful SSH task runner,https://freek.dev/3064-scotty-a-beautiful-ssh-task-runner,66,other
Securing Elliptic Curve Cryptocurrencies Against Quantum Vulnerabilities [pdf],https://quantumai.google/static/site-assets/downloads/cryptocurrency-whitepaper.pdf,53,technology
Show HN: Coasts – Containerized Hosts for Agents,https://github.com/coast-guard/coasts,98,technology
"Salomi, a research repo on extreme low-bit transformer quantization",https://github.com/OrionsLock/SALOMI,12,science
Analyzing Geekbench 6 under Intel's BOT,https://www.geekbench.com/blog/2026/03/analyzing-geekbench-6-under-intels-bot/,41,other
Seeing like a spreadsheet,https://davidoks.blog/p/how-the-spreadsheet-reshaped-america,130,other
Artemis II astronaut finds two Outlook instances running on computers,https://www.tomshardware.com/software/microsoft-office/artemis-ii-astronaut-finds-two-outlook-instances-running-on-computers-call-on-houston-to-fix-microsoft-anomaly-puzzled-caller-describes-two-outlooks-and-neither-one-of-those-are-working,11,technology
VHDL's Crown Jewel,https://www.sigasi.com/opinion/jan/vhdls-crown-jewel/,149,other
Comparing C/C++ unity build with regular build on a large codebase (2024),https://hereket.com/posts/cpp-unity-compile-inkscape/,12,technology
Ask HN: What is your dev set up like?,,11,other
Why Gen Z is taking up boomer hobbies,https://www.economist.com/culture/2026/04/01/why-gen-z-is-taking-up-boomer-hobbies,6,other
"Show HN: Loreline, narrative language transpiled via Haxe: C++/C#/JS/Java/Py/Lua",https://loreline.app/en/docs/technical-overview/,73,entertainment
Forth VM and compiler written in C++ and Scryer Prolog,https://github.com/no382001/forth-vm,35,other
Ask HN: European Tech Alternatives?,,94,technology
Montana referendum to outlaw corporate campaign contributions [video],https://www.youtube.com/watch?v=p1fPbGHe3xE,63,technology
New patches allow building Linux IPv6-only,https://www.phoronix.com/news/Linux-IPv6-IPv4-Legacy-Knobs,120,other
Show HN: We open-sourced our content writing workflow as a Claude Code skill,https://www.npmjs.com/package/claude-content-writer,16,technology
"Show HN: Semantic atlas of 188 constitutions in 3D (30k articles, embeddings)",https://constitutionalmap.ai/en,10,entertainment
Super Micro Computer Investors Look for Exits,https://catenaa.com/markets/equities/super-micro-computer-investors-look-for-exits/,41,technology
Oracle slashes 30k jobs,https://rollingout.com/2026/03/31/oracle-slashes-30000-jobs-with-a-cold-6/,909,other
Anthropic's AutoDream Is Flawed,https://substack.com/home/post/p-192893121,13,other
Rick Dangerous,https://www.simonphipps.com/games/rickdangerous/,21,other
Safe ways to do things in bash (2023),https://github.com/anordal/shellharden/blob/master/how_to_do_things_safely_in_bash.md,33,other
"Iran war sparks renewables boom as Europeans rush to buy solar, heat pumps, EVs",https://www.euronews.com/2026/03/31/iran-war-sparks-renewables-boom-as-europeans-rush-to-buy-solar-heat-pumps-and-evs,85,worldnews
Show HN: NASA Artemis II Mission Timeline Tracker,https://www.sunnywingsvirtual.com/artemis2/timeline.html,91,science
Bird brains (2023),https://www.dhanishsemar.com/writing/bird-brains,339,technology
AI overly affirms users asking for personal advice,https://news.stanford.edu/stories/2026/03/ai-advice-sycophantic-models-research,790,technology
"If you read cursive, the Newberry has a job for you",https://lithub.com/if-you-read-cursive-the-newberry-has-a-job-for-you/,9,other
Inside the 'self-driving' lab revolution,https://www.nature.com/articles/d41586-026-00974-2,61,other
Wikidata: WikiProject Ontology/Ontology Course,https://www.wikidata.org/wiki/Wikidata:WikiProject_Ontology/Ontology_Course,9,technology
One of the largest salt mines in the world exists under Lake Erie,https://apnews.com/article/cleveland-salt-mine-winter-road-0daf091e3d56f65766bcf6a597683893,68,other
Hallucinated citations are polluting scientific literature. What can be done?,https://www.nature.com/articles/d41586-026-00969-z,7,other
Stripe closed my UAE business account and is withholding $3.5K,,20,other
Samsung's Blood Pressure Monitoring Feature Now Available,https://news.samsung.com/us/samsung-blood-pressure-monitoring-feature-available,11,technology
Article about simple LSB steganography in JavaScript,https://www.yourdev.net/blog.php?post=steganography-hiding-data-in-images,6,other
I am definitely missing the pre-AI writing era,https://www.lesswrong.com/posts/BJ4pnropWdnzzgeJc/i-am-definitely-missing-the-pre-ai-writing-era,322,technology
R3 Bio pitched “brainless clones” to serve the role of backup human bodies,https://www.technologyreview.com/2026/03/30/1134780/r3-bio-brainless-human-clones-full-body-replacement-john-schloendorn-aging-longevity/,78,technology
EmDash: A Fresh Take on CMS,https://maciekpalmowski.dev/blog/emdash-a-fresh-take-on-cms/,58,other
"In Case of Emergency, Make Burrito Bison 3 (2017)",https://juicybeast.com/2017/08/03/in-case-of-emergency-make-burrito-bison-3/,27,other
Show HN: Sycamore – next gen Rust web UI library using fine-grained reactivity,https://sycamore.dev,94,technology
Android Developer Verification,https://android-developers.googleblog.com/2026/03/android-developer-verification-rolling-out-to-all-developers.html,325,other
Show HN: I turned a sketch into a 3D-print pegboard for my kid with an AI agent,https://github.com/virpo/pegboard,64,technology
Show HN: Sundial – a new way to look at a weather forecast,https://sundial.page/,61,entertainment
UK Government unveils rules to end subscription traps,https://www.gov.uk/government/news/consumers-to-save-around-400-million-every-year-from-government-crackdown-on-costly-subscription-traps,25,worldnews
Replace axios with a simple custom fetch wrapper,https://kentcdodds.com/blog/replace-axios-with-a-simple-custom-fetch-wrapper,16,other
Prompt Engineering for Humans,https://michaelheap.com/prompt-engineering-for-humans/,33,other
Textstring,https://pushmatrix.github.io/textstring/,33,other
"Ubuntu Mate Leader Stepping Down, Seeking New Contributors",https://www.phoronix.com/news/Ubuntu-MATE-Needs-Leader,15,other
Node.js Security Bug Bounty Program Paused,https://nodejs.org/en/blog/announcements/discontinuing-security-bug-bounties,14,other
Oscar Reutersvärd (2021),https://escherinhetpaleis.nl/en/about-escher/escher-today/oscar-reutersvard,54,other
The 'paperwork flood': How I drowned a bureaucrat before dinner,https://sightlessscribbles.com/posts/the-paperwork-flood/,611,other
Karakuri Mechanical Art,https://karakurist.jp/,22,other
"William Blake, Remote by the Sea",https://www.laphamsquarterly.org/roundtable/william-blake-remote-sea,87,other
Can a laptop beat Amazon's last mile routing system?,https://medium.com/@martinvizzolini/a-last-mile-optimizer-that-outperforms-amazons-routes-on-a-laptop-24242f93eb74,8,other
"Incident March 30th, 2026 – Accidental CDN Caching",https://blog.railway.com/p/incident-report-march-30-2026-accidental-cdn-caching,70,other
"AbodeLLM – An offline AI assistant for Android devices, based on open models",https://github.com/brendmung/AbodeLLM,5,technology
Podroid: Run Linux Containers on Android,https://github.com/ExTV/Podroid,4,technology
"30 Years Ago, Robots Learned to Walk Without Falling",https://spectrum.ieee.org/honda-p2-robot-ieee-milestone,36,other
RubyGems Fracture Incident Report,https://rubycentral.org/news/rubygems-fracture-incident-report/,93,other
"Learn Claude Code by doing, not reading",https://claude.nagdy.me/,276,technology
Philly courts will ban all smart eyeglasses starting next week,https://www.inquirer.com/news/philadelphia/smart-glasses-ai-meta-courts-20260326.html,415,other
A sea of sparks: Seeing radioactivity,https://maurycyz.com/projects/spinthariscope/,74,other
"Dutch armed forces recruiting 1,200 drone specialists",https://nltimes.nl/2026/04/01/dutch-armed-forces-recruiting-1200-drone-specialists-first-reported-duty-today,42,other
The curious case of retro demo scene graphics,https://www.datagubbe.se/aipixels/,355,other
"7,655 Ransomware Claims in One Year: Group, Sector, and Country Breakdown",https://ciphercue.com/blog/7655-ransomware-claims-march-2025-to-march-2026,61,technology
CodingFont: A game to help you pick a coding font,https://www.codingfont.com/,491,sports
The ladder is missing rungs – Engineering Progression When AI Ate the Middle,https://negroniventurestudios.com/2026/03/19/the-ladder-is-missing-rungs/,97,technology
A forecast of the fair market value of SpaceX's businesses,https://futuresearch.ai/spacex-ipo-valuation/,98,technology
Backblaze Performance Stats Q1 2026,https://www.backblaze.com/blog/backblaze-performance-stats-q1-2026/,4,other
The SpaceX IPO: retail investor notes,https://report.bearblog.dev/the-spacex-ipo-will-be-the-perfect-storm-of-retail-investor-fallacies/,94,technology
"FTC action against Match and OkCupid for deceiving users, sharing personal data",https://www.ftc.gov/news-events/news/press-releases/2026/03/ftc-takes-action-against-match-okcupid-deceiving-users-sharing-personal-data-third-party,316,technology
We intercepted the White House app's network traffic,https://www.atomic.computer/blog/white-house-app-network-traffic-analysis/,233,other
"Show HN: QWERTY mini Pro – Why a 2-row, 16-key keyboard works better",https://k-keyboard.com/Why-2-Row-16-Key-Structure,8,entertainment
From Proxmox to FreeBSD and Sylve in our office lab,https://www.iptechnics.com/blogs/from-proxmox-to-freebsd-and-sylve-in-our-office-lab,98,other
Ninja is a small build system with a focus on speed,https://github.com/ninja-build/ninja,112,other
Medical bill analyzer that runs client-side (OCR and 3.3M CMS rules in-browser,https://www.nbcnews.com/investigations/hospital-costs-are-rising-far-faster-inflation-drowning-americans-debt-rcna262473,8,other
Hardware Image Compression,https://www.ludicon.com/castano/blog/2026/03/hardware-image-compression/,73,worldnews
"The open web isn't dying, we're killing it",https://ouvre-boite.com/the-open-web-isnt-dying-were-killing-it/,76,other
Public Anger Is Rising,https://www.theatlantic.com/politics/2026/04/congress-government-shutdown-tsa/686653/,8,other
Show HN: Tileserver-RS – Tile Server in Rust with MapLibre Native Rendering,https://github.com/vinayakkulkarni/tileserver-rs,3,entertainment
Live and Let AI: Former CIA officer says human spies matter more in the LLM age,https://www.theregister.com/2026/04/01/live_and_let_ai_excia/,9,technology
AI Perfected Chess. Humans Made It Unpredictable Again,https://www.bloomberg.com/news/articles/2026-03-27/ai-changed-chess-grandmasters-now-win-with-unpredictable-moves,48,technology
"Income percent for all food, food at home and food not at home, 1960-2019 (2020)",https://ers.usda.gov/data-products/charts-of-note/chart-detail?chartId=100002,20,other
Cindy Cohn of the EFF Interviewed by Jon Stewart on the Daily Show [video],https://www.youtube.com/watch?v=QkC1aK7jfLo,35,technology
"US sues Arizona, Connecticut, Illinois to stop regulation of prediction markets",https://www.reuters.com/legal/litigation/us-sues-illinois-over-regulation-prediction-markets-2026-04-02/,20,other
"""Vibecession"" reflects an increasingly difficult economy and society",https://greyenlightenment.com/2025/12/24/vibecession-reflects-increasingly-difficult-economy/,30,other
CSS is DOOMed,https://nielsleenheer.com/articles/2026/css-is-doomed-rendering-doom-in-3d-with-css/,504,other
C++26 is done: ISO C++ standards meeting Trip Report,https://herbsutter.com/2026/03/29/c26-is-done-trip-report-march-2026-iso-c-standards-meeting-london-croydon-uk/,313,other
The Anti-Intellectualism of Silicon Valley Elites,https://www.elizabethspiers.com/the-anti-intellectualism-of-silicon-valley-elites/,98,other
Reddit Removes the Front Page of the Internet,https://support.reddithelp.com/hc/en-us/articles/47822249050132-Changelog-April-2-2026?brand_id=41199,6,other
Protecting Your Host from Malicious Dependencies,https://www.grepular.com/Protecting_Your_Host_from_Malicious_Dependencies,10,other
"Take better notes, by hand",https://brianschrader.com/archive/take-better-notes-by-hand/,213,other
More on Version Control,https://bramcohen.com/p/more-on-version-control,101,other
The rise and fall of IBM's 4 Pi aerospace computers: an illustrated history,https://www.righto.com/2026/03/ibm-4-pi-computer-history.html,100,technology
What we learned building 100 API integrations with OpenCode,https://nango.dev/blog/learned-building-200-api-integrations-with-opencode/,43,technology
Remembering Magnetic Memories and the Apollo AGC,https://2earth.github.io/website/20260304.html,13,other
I use Excalidraw to manage my diagrams for my blog,https://blog.lysk.tech/excalidraw-frame-export/,282,other
Playing Wolfenstein 3D with one hand in 2026,https://arstechnica.com/gaming/2026/03/playing-wolfenstein-3d-with-one-hand-in-2026/,30,other
Kyushu Railway Company Train Varieties,https://www.jrkyushu.co.jp/english/train/index.html,96,technology
Police used AI facial recognition to wrongly arrest TN woman for crimes in ND,https://www.cnn.com/2026/03/29/us/angela-lipps-ai-facial-recognition,443,technology
$200 oil isn't as crazy as it sounds,https://www.cnn.com/2026/04/02/business/price-200-oil-gas-iran,16,other
Miasma: A tool to trap AI web scrapers in an endless poison pit,https://github.com/austin-weeks/miasma,345,technology
"Go hard on agents, not on your filesystem",https://jai.scs.stanford.edu/,634,other
Refine: AI-Powered Peer Review,https://www.refine.ink/,5,technology
6o6 v1.1: Faster 6502-on-6502 virtualization for a C64/Apple II Apple-1 emulator,http://oldvcr.blogspot.com/2026/03/6o6-v11-faster-6502-on-6502.html,34,other
Pretext: TypeScript library for multiline text measurement and layout,https://github.com/chenglou/pretext,388,other
Butterfly-collecting: The history of an insult (2017),http://lughat.blogspot.com/2017/10/butterfly-collecting-history-of-insult.html,14,other
"Nvidia rolls out its fix for PC gaming's ""compiling shaders"" wait times",https://arstechnica.com/gaming/2026/04/nvidias-new-app-lets-you-precompile-gaming-shaders-during-machine-idle-time/,9,technology
43 hours battery life: Dell XPS 14 2026 lasts almost 3x longer vs MacBook Air 15,https://www.notebookcheck.net/43-hours-battery-life-Dell-XPS-14-2026-lasts-almost-3x-longer-vs-MacBook-Air-15-M5-in-web-browsing-test.1262947.0.html,29,technology
pg_plan_alternatives: Tracing PostgreSQL Query Plan Alternatives Using eBPF,https://jnidzwetzki.github.io/2026/03/04/pg-plan-alternatives.html,7,other
"Tell HN: Chrome says ""suspicious download"" when trying to download yt-dlp",,305,other
"In Expanding de Sitter Space, Quantum Mechanics Gets More Elusive",https://www.quantamagazine.org/in-expanding-de-sitter-space-quantum-mechanics-gets-even-more-elusive-20260330/,32,science
Neovim 0.12.0,https://github.com/neovim/neovim/releases/tag/v0.12.0,405,other
"Kagi: April 1, 1996",https://kagi.com,31,other
"Interview: Nobonoko, Master of the Minimal Sequencer",https://fi-le.net/nobo/,60,other
Show HN: EU Leadership – Live API data site comparing Europe to the world,https://ajh.ovh/,33,technology
New Rowhammer attacks give complete control of machines running Nvidia GPUs,https://arstechnica.com/security/2026/04/new-rowhammer-attacks-give-complete-control-of-machines-running-nvidia-gpus/,7,technology
Do LLMs Break the Sapir-Whorf Hypothesis?,https://dnhkng.github.io/posts/sapir-whorf/,14,technology
ICAO issued new power bank restriction on flight,https://www.icao.int/news/new-power-bank-restrictions-will-safeguard-international-aviation,93,other
Anatomy of the .claude/ folder,https://blog.dailydoseofds.com/p/anatomy-of-the-claude-folder,624,other
I decompiled the White House's new app,https://thereallo.dev/blog/decompiling-the-white-house-app,666,other
Show HN: 65k AI voters predict UK local elections with 75% accuracy,https://kronaxis.co.uk/blog/predicting-may-7-elections,7,technology
I Built an Open-World Engine for the N64 [video],https://www.youtube.com/watch?v=lXxmIw9axWw,461,other
CERN uses ultra-compact AI models on FPGAs for real-time LHC data filtering,https://theopenreader.org/Journalism:CERN_Uses_Tiny_AI_Models_Burned_into_Silicon_for_Real-Time_LHC_Data_Filtering,334,technology
"The story of Britain's oldest sweet, the Pontefract Cake (2019)",https://www.bbc.com/travel/article/20190710-the-strange-story-of-britains-oldest-sweet,11,technology
"""Special 301"" Comments on Nintendo Game Piracy in Asia and Latin America (1994)",https://archive.gamehistory.org/item/8aa9a6fb-1593-47ce-bdf0-aa79abdcb0e6,7,sports
South Polar Times,https://www.laphamsquarterly.org/roundtable/south-polar-times,19,other
Ask HN: Client took over development by vibe coding. What to do?,,58,other
LinkedIn uses 2.4 GB RAM across two tabs,,792,other
Roulette Computers: Hidden Devices That Predict Spins,https://www.roulette-computers.com/,87,technology
A new way to measure poverty shows the US falling behind Europe,https://www.euronews.com/business/2026/03/29/a-new-way-to-measure-poverty-shows-the-us-falling-behind-europe,97,entertainment
People inside Microsoft are fighting to drop mandatory Microsoft Account,https://www.windowscentral.com/microsoft/windows-11/people-inside-microsoft-are-fighting-to-drop-windows-11s-mandatory-microsoft-account-requirements-during-setup,764,other
15 Years of Forking,https://www.waterfox.com/blog/15-years-of-forking/,299,other
About the Atmosphere,https://toni.org/2026/03/27/about-the-atmosphere/,71,other
Pretext's most interesting use cases have no DOM at all,https://cyrusradfar.com/thoughts/pretext-beyond-the-browser,14,other
Make macOS consistently bad unironically,https://lr0.org/blog/p/macos/,537,other
"Undroidwish – A single-file, batteries-included Tcl/Tk binary for many platforms",https://androwish.org/home/wiki?name=undroidwish,90,other
"Jami – free/libre, end-to-end encrypted, and private communication software",https://jami.net/,43,technology
The smallest ELF executable (2021),https://nathanotterness.com/2021/10/tiny_elf_modernized.html,5,other
Claude Wrote a Full FreeBSD Remote Kernel RCE with Root Shell (CVE-2026-4747),https://blog.calif.io/p/mad-bugs-claude-wrote-a-full-freebsd,3,other
Show HN: QuickBEAM – run JavaScript as supervised Erlang/OTP processes,https://github.com/elixir-volt/quickbeam,110,entertainment
Show HN: Sheet Ninja – Google Sheets as a CRUD Back End for Vibe Coders,https://sheetninja.io,85,technology
Show HN: Mkdnsite – Markdown-native web server for humans (HTML) and agents (md),https://github.com/mkdnsite/mkdnsite,4,entertainment
Cocoa-Way – Native macOS Wayland compositor for running Linux apps seamlessly,https://github.com/J-x-Z/cocoa-way,330,other
Ask HN: What dev tools do you rely on that nobody talks about?,,37,other
RFC Esolang – RFCs as executable programs,https://esolangs.org/wiki/RFCEsolang,11,other
Should QA exist?,https://www.rubick.com/should-qa-exist/,141,other
Full network of clitoral nerves mapped out for first time,https://www.theguardian.com/society/2026/mar/29/full-network-clitoral-nerves-mapped-out-first-time-women-pelvic-surgery,318,other
‘Energy independence feels practical’: Europeans building mini solar farms,https://www.euronews.com/2026/03/26/suddenly-energy-independence-feels-practical-europeans-are-building-mini-solar-farms-at-ho,354,other
1-Bit Bonsai: The First Commercially Viable 1-Bit LLMs,https://prismml.com/news/bonsai-8b,9,technology
Almighty Lisp,https://almightylisp.com/,9,other
Stanford study reveals AI vision models invent images they never see,https://arxiv.org/abs/2603.21687,45,technology
Telnyx package compromised on PyPI,https://telnyx.com/resources/telnyx-python-sdk-supply-chain-security-notice-march-2026,132,other
JSSE: A JavaScript Engine Built by an Agent,https://p.ocmatos.com/blog/jsse-a-javascript-engine-built-by-an-agent.html,27,other
CSS or BS?,https://www.keithcirkel.co.uk/css-or-bs/,12,other
Hold on to Your Hardware,https://xn--gckvb8fzb.com/hold-on-to-your-hardware/,661,worldnews
The Launch of COBOL Weekly,https://cobolweekly.com/,4,other
CUDA Released in Basic,https://developer.nvidia.com/blog/cuda-tile-programming-now-available-for-basic/,29,other
How do the likely/unlikely macros in the Linux kernel work?,https://stackoverflow.com/questions/109710/how-do-the-likely-unlikely-macros-in-the-linux-kernel-work-and-what-is-their-ben,6,other
Midnight train from GA: A view of America from the tracks as airports struggle,https://apnews.com/article/airports-shutdown-long-lines-train-travel-amtrak-e4d8ea591b3b036142c2bf2dee7dff5a,148,technology
The OpenAI graveyard: All the deals and products that haven't happened,https://www.forbes.com/sites/phoebeliu/2026/03/31/openai-graveyard-deals-and-products-havent-happened-openai/,239,technology
I turned my Kindle into my own personal newspaper,https://manualdousuario.net/en/how-to-kindle-personal-newspaper/,198,other
"Iran threatens Nvidia, Apple and other 18 tech companies",https://www.cnbc.com/2026/04/01/iran-irgc-nvidia-appple-attack-threat.html,43,technology
Acceptance of entomophagy among Canadians at an insectarium,https://www.nature.com/articles/s41598-026-35288-w,15,other
Observations from carbon dioxide monitoring,https://grieve-smith.com/ftn/2026/03/nine-observations-from-carbon-dioxide-monitoring/,67,other
AMD's Ryzen 9 9950X3D2 Dual Edition crams 208MB of cache into a single chip,https://arstechnica.com/gadgets/2026/03/amds-ryzen-9-9950x3d2-dual-edition-crams-208mb-of-cache-into-a-single-chip/,311,other
"15 years, one server, 8GB RAM and 500k users – how Webminal refuses to die",https://community.webminal.org/t/15-years-one-server-8gb-ram-and-500k-users-how-webminal-refuses-to-die/8803,304,other
You can now run a full Linux operating system inside a 6mb PDF,https://twitter.com/oliviscusAI/status/2038563166431346865,26,other
Claude Code leaked features and hidden commands,https://www.ccleaks.com,11,technology
Nitrile and latex gloves may cause overestimation of microplastics,https://news.umich.edu/nitrile-and-latex-gloves-may-cause-overestimation-of-microplastics-u-m-study-reveals/,579,other
"I Am Not A Number. In memory of the more than 72,000 Palestinians killed",https://bkhmsi.github.io/i-am-not-a-number/,430,other
The Windows equivalents of the most used Linux commands,http://techkettle.blogspot.com/2026/04/the-windows-equivalents-of-most-used.html,68,other
An NSFW filter for Marginalia search,https://www.marginalia.nu/log/a_134_nsfw/,101,other
The European AllSky7 fireball network,https://www.allsky7.net/#archive,122,other
"Perplexity's ""Incognito Mode"" is a ""sham,"" lawsuit says",https://arstechnica.com/tech-policy/2026/04/perplexitys-incognito-mode-is-a-sham-lawsuit-says/,9,other
Managed Nationalism,https://en.wikipedia.org/wiki/Managed_nationalism,19,other
"DDR5 RAM prices fall by as much as 30%, but memory shortage likely far from over",https://www.notebookcheck.net/DDR5-RAM-prices-fall-by-as-much-as-30-but-memory-shortage-likely-far-from-over.1263431.0.html,42,other
Desk for people who work at home with a cat,https://soranews24.com/2026/03/27/japan-now-has-a-special-desk-for-people-who-work-at-home-with-a-pet-catphotos/,463,other
The German state (Schleswig-Holstein) trying to break free from Microsoft,https://www.ft.com/content/95bd87c8-a112-49a5-9b80-c280a6bb4283,49,other
"AyaFlow: A high-performance, eBPF-based network traffic analyzer written in Rust",https://github.com/DavidHavoc/ayaFlow,102,other
"Golden Dome, ships and missiles top Trump's $1.5T 2027 defense wish list",https://www.reuters.com/business/aerospace-defense/golden-dome-ships-missiles-top-trumps-15-trillion-fiscal-2027-defense-wish-list-2026-04-02/,12,other
"Further human + AI + proof assistant work on Knuth's ""Claude Cycles"" problem",https://twitter.com/BoWang87/status/2037648937453232504,259,technology
"Why are executives enamored with AI, but ICs aren't?",https://johnjwang.com/post/2026/03/27/why-are-executives-enabled-with-ai-but-ics-arent/,108,technology
The .env File Nobody Needs,https://vivianvoss.net/blog/the-env-file,13,other
"OCR for construction documents does not work, we fixed it",https://www.getanchorgrid.com/developer/docs/endpoints/drawings-doors,127,other
Sony halts memory card shipments due to NAND shortage,https://www.techzine.eu/news/devices/140058/sony-halts-memory-card-shipments-due-to-nand-shortage/,82,other
Show HN: Crazierl – An Erlang Operating System,https://crazierl.org/demo/,72,entertainment
Magic mushroom-infused products appear in Colorado gas stations,https://theconversation.com/magic-mushroom-infused-products-appear-in-colorado-gas-stations-what-public-health-officials-want-consumers-to-know-274935,18,other
Alzheimer's disease mortality among taxi and ambulance drivers (2024),https://www.bmj.com/content/387/bmj-2024-082194,229,other
The Future of SCIP,https://sourcegraph.com/blog/the-future-of-scip,96,other
Spanish legislation as a Git repo,https://github.com/EnriqueLop/legalize-es,819,other
OpenBSD on Motorola 88000 Processors,http://miod.online.fr/software/openbsd/stories/m88k1.html,156,other
"Show HN: BreezePDF – Free, in-browser PDF editor",https://breezepdf.com/?v=3,96,entertainment
OpenCiv1 – open-source rewrite of Civ1,https://github.com/rajko-horvat/OpenCiv1,196,other
An ADBC interface for COBOL,https://columnar.tech/adbc-cobol/,5,other
The Cognitive Dark Forest,https://ryelang.org/blog/posts/cognitive-dark-forest/,570,other
Cat Itecture: Better Cat Window Boxes (2023),https://gwern.net/catitecture,87,other
"The State of MicroVM Isolation in 2026 (Firecracker, Cloud Hypervisor, Rust-Vmm)",https://emirb.github.io/blog/microvm-2026/,7,technology
The road to electric in charts and data,https://www.rac.co.uk/drive/electric-cars/choosing/road-to-electric/,62,technology
Delve – Fake Compliance as a Service – Part II – Day 2 of 5,https://deepdelver.substack.com/p/delve-fake-compliance-as-a-service-98a,9,other
The sudden fall of Sora,https://www.wsj.com/tech/ai/the-sudden-fall-of-openais-most-hyped-product-since-chatgpt-64c730c9,64,other
Half of social-science studies fail replication test in years-long project,https://www.nature.com/articles/d41586-026-00955-5,8,technology
"Show HN: Max Headbox, a local agent that fits on a Raspberry Pi 5",https://github.com/syxanash/maxheadbox,4,entertainment
Show HN: Asciimap – Interactive ASCII world map with live data,https://github.com/Lionel-Lim/asciimap,9,technology
Coding agents could make free software matter again,https://www.gjlondon.com/blog/ai-agents-could-make-free-software-matter-again/,269,technology
Resetting Mutt's terminal after OAuth2,https://www.netmeister.org/blog/mutt-reset-terminal.html,4,other
Emerging Litigation Risks in Financing AI Data Centers Boom,https://www.quinnemanuel.com/the-firm/publications/client-alert-emerging-litigation-risks-in-financing-ai-data-centers-boom/,17,technology
Show HN: Pardus Browser- a browser for AI agents without Chromium,https://github.com/JasonHonKL/PardusBrowser/tree/main,16,technology
Typing and Keyboards,https://lzon.ca/posts/series/grateful/typing-and-keyboards/,47,other
Did the CHIPS Act Trigger the Manufacturing Construction Boom?,https://www.factorysettings.org/p/did-the-chips-act-trigger-the-manufacturing,5,other
The road signs that teach travellers about France,https://www.bbc.com/travel/article/20260327-the-road-signs-that-teach-travellers-about-france,151,other
Why Iran targeted Amazon data centers,https://theconversation.com/why-iran-targeted-amazon-data-centers-and-what-that-does-and-doesnt-change-about-warfare-278642,14,technology
"Lat.md: Agent Lattice: a knowledge graph for your codebase, written in Markdown",https://github.com/1st1/lat.md,90,technology
Hershey says it will shift back to classic recipe for all Reese's products,https://apnews.com/article/hershey-reeses-chocolate-peanut-butter-cups-recipe-1c17247e190eb03952e1c197b6f872ce,19,other
Sylve – Proxmox Alternative by FreeBSD,https://sylve.io/,78,other
Project Mario: the inside story of DeepMind,https://colossus.com/article/project-mario-demis-hassabis-deepmind-mallaby/,17,other
How we chose Positron's Python type checker,https://positron.posit.co/blog/posts/2026-03-31-python-type-checkers/,9,other
OnlyOffice just pulled its 8-year partnership with Nextcloud,https://www.xda-developers.com/onlyoffice-pulled-its-8-year-partnership-with-nextcloud-licensing-violations/,22,technology
Qwen3.6-Plus: Towards Real World Agents,https://qwen.ai/blog?id=qwen3.6,20,worldnews
Pinterest said he violated laid-off colleagues' privacy. Now he's going public,https://www.theverge.com/policy/906122/pinterest-employee-fired-obstructionist-speaks-out,7,technology
What Is Copilot Exactly?,https://idiallo.com/blog/what-is-copilot-exactly,89,other
South Korea Mandates Solar Panels for Public Parking Lots,https://www.reutersconnect.com/item/south-korea-mandates-solar-panels-for-public-parking-lots/dGFnOnJldXRlcnMuY29tLDIwMjY6bmV3c21sX01UMU5VUlBITzAwMFZKRjFZQQ,396,other
"Climate change may produce ""fast-food"" phytoplankton",https://news.mit.edu/2026/climate-change-may-produce-fast-food-phytoplankton-0331,8,worldnews
New Washington state law bans noncompete agreements,https://www.seattletimes.com/business/local-business/new-washington-law-bans-noncompete-agreements/,334,other
"Gemma 4: Byte for byte, the most capable open models",https://blog.google/innovation-and-ai/technology/developers-tools/gemma-4/,21,other
Exploiting a 32-year-old buffer overflow in GNU telnetd (CVE-2026-32746),https://www.striga.ai/research/pre-auth-rce-in-gnu-inetutils-telnetd,7,other
NIH restrictions on foreign research partnerships impacted 1 in 4 scientists,https://www.statnews.com/2026/03/27/nih-funding-national-researcher-survey-foreign-subaward-ban-impact/,4,science
Google attributes Axios hack to North Korea,https://techcrunch.com/2026/03/31/hacker-hijacks-axios-open-source-project-used-by-millions-to-push-malware/,11,other
Linux is an interpreter,https://astrid.tech/2026/03/28/0/linux-is-an-interpreter/,241,other
xkcd: Creation,https://xkcd.com/3227/,44,other
A Nursing Home Owner Got a Pardon. The Families of His Patients Got Nothing,https://www.propublica.org/article/joseph-schwartz-trump-pardon-skyline-nursing-home-patients,83,other
Android’s new sideload settings will carry over to new devices,https://www.androidauthority.com/android-sideload-carry-over-3652845/,149,other
Perplexity Says MCP Sucks,https://suthakamal.substack.com/p/perplexity-says-mcp-sucks,12,other
Pro-XSLT.js – fast and lightweight JavaScript library implementing XSLT 1.0,https://github.com/hbi99/pro-xslt,3,other
Xerox scanners/photocopiers randomly alter numbers in scanned documents (2013),https://www.dkriesel.com/en/blog/2013/0802_xerox-workcentres_are_switching_written_numbers_when_scanning,8,other
Anthropic Is Having a Month,https://techcrunch.com/2026/03/31/anthropic-is-having-a-month/,7,other
rpg.actor Game Jam,https://rpg.actor/jam,80,sports
Circuit-level PDP-11/34 emulator,https://github.com/dbrll/ll-34,58,other
Ask HN: Academic study on AI's impact on software development – want to join?,,30,technology
The first 40 months of the AI era,https://lzon.ca/posts/other/thoughts-ai-era/,215,technology
Installing a Let's Encrypt TLS certificate on a Brother printer with Certbot,https://owltec.ca/Other/Installing+a+Let%27s+Encrypt+TLS+certificate+on+a+Brother+printer+automatically+with+Certbot+(%26+Cloudflare),246,other
Rock Star: Reading the Rosetta Stone,https://www.historytoday.com/archive/feature/original-rock-star,14,other
Voyager 1 runs on 69 KB of memory and an 8-track tape recorder,https://techfixated.com/a-1977-time-capsule-voyager-1-runs-on-69-kb-of-memory-and-an-8-track-tape-recorder-4/,686,other
Show HN: Margo – Find the font your brain reads fastest,https://margo.fyi/,12,technology
The one-line config that blocks most smash-and-grab supply chain attacks,https://daniakash.com/blog/simplest-supply-chain-defense,5,technology
Meow.camera,https://meow.camera/#4258783365322591678,331,other
Capability-Based Security for Redox: Namespace and CWD as Capabilities,https://www.redox-os.org/news/nlnet-cap-nsmgr-cwd/,65,science
OpenAI demand sinks on secondary market as Anthropic runs hot,https://www.bloomberg.com/news/articles/2026-04-01/openai-demand-sinks-on-secondary-market-as-anthropic-runs-hot,137,technology
"Show HN: I made a ""programming language"" looking for feedback",https://github.com/alonsovm44/glupe,38,entertainment
"Seems like a bad idea: ""One login to connect Glassdoor and Indeed""",https://www.glassdoor.ca/about/onelogin/,16,other
Anthropic Races to Contain Leak of Code Behind Claude AI Agent,https://www.wsj.com/tech/ai/anthropic-races-to-contain-leak-of-code-behind-claude-ai-agent-4bc5acc7,22,technology
Quantum frontiers may be closer than they appear,https://blog.google/innovation-and-ai/technology/safety-security/cryptography-migration-timeline/,27,other
Show HN: DeepTable – an API that converts messy Excel files into structured data,https://docs.deeptable.com/,8,technology
A Letter to John Ternus,https://marco.org/2026/04/01/letter-to-john-ternus,18,other
A laser-based process that enables adhesive-free paper packaging,https://www.fraunhofer.de/en/press/research-news/2026/march-2026/sealing-paper-packaging-without-adhesives.html,129,other
Wavelets on Graphs via Spectral Graph Theory,https://arxiv.org/abs/0912.3848,4,other
